Question,Answer,Category
ควรทำอย่างไรถ้าผู้สูงอายุมีปัญหาในการเดิน?,ควรใช้ไม้เท้าหรือรถเข็นเพื่อช่วยพยุง และปรึกษาแพทย์เพื่อขอคำแนะนำเพิ่มเติม,สุขภาพ
วิธีป้องกันไม่ให้ผู้สูงอายุหกล้มในบ้านคืออะไร?,การจัดบ้านให้ปลอดภัย ปรับแสงสว่างให้เพียงพอ และการใช้พรมกันลื่นในห้องน้ำ,สุขภาพ
ทำไมการออกกำลังกายถึงสำคัญสำหรับผู้สูงอายุ?,การออกกำลังกายช่วยเสริมสร้างกล้ามเนื้อ ป้องกันการหกล้ม และส่งเสริมสุขภาพจิต,สุขภาพ
ควรดูแลความสะอาดของร่างกายผู้สูงอายุอย่างไร?,ควรอาบน้ำทุกวัน ใช้ผลิตภัณฑ์ทำความสะอาดที่อ่อนโยน และใส่เสื้อผ้าที่สะอาดอยู่เสมอ,สุขภาพ
ผู้สูงอายุควรนอนหลับวันละกี่ชั่วโมง?,ควรนอนหลับอย่างน้อยวันละ 7-8 ชั่วโมง เพื่อให้ร่างกายและจิตใจได้พักผ่อนอย่างเต็มที่,สุขภาพ
ควรดูแลผู้สูงอายุที่มีอาการซึมเศร้าอย่างไร?,ควรให้ความใส่ใจ พูดคุยให้กำลังใจ และหากอาการไม่ดีขึ้นควรปรึกษาแพทย์,อารมณ์
ผู้สูงอายุควรหลีกเลี่ยงอาหารประเภทใด?,ควรหลีกเลี่ยงอาหารที่มีไขมันสูง น้ำตาลสูง และอาหารแปรรูป,อาหาร น้ำ
วิธีการจัดการกับการเปลี่ยนแปลงในความจำของผู้สูงอายุคืออะไร?,การใช้เทคนิคช่วยจำ เช่น การเขียนบันทึก และการทำกิจกรรมที่ฝึกสมอง เช่น เกมปริศนา,สุขภาพ
ควรดูแลผู้สูงอายุที่มีปัญหาเรื่องการได้ยินอย่างไร?,ควรปรึกษาผู้เชี่ยวชาญเกี่ยวกับการใช้เครื่องช่วยฟัง และสื่อสารด้วยความชัดเจนและเข้าใจง่าย,สุขภาพ
การใช้เทคโนโลยีในการดูแลผู้สูงอายุช่วยได้อย่างไร?,การใช้เทคโนโลยีช่วยในการติดตามสุขภาพ และให้ผู้สูงอายุสามารถติดต่อกับครอบครัวได้ง่ายขึ้น,เทคโนโลยี
ควรทำอย่างไรเมื่อผู้สูงอายุรู้สึกเบื่อ?,การหากิจกรรมที่สนใจเช่นการอ่านหนังสือ การทำสวน หรือการฟังเพลงจะช่วยให้ผู้สูงอายุรู้สึกดีขึ้นครับ,อารมณ์
ผู้สูงอายุควรหลีกเลี่ยงการกินอะไร?,ควรหลีกเลี่ยงการกินอาหารที่มีไขมันสูง เกลือมาก และน้ำตาลเยอะครับ,อาหาร น้ำ
การออกกำลังกายควรทำบ่อยแค่ไหน?,ควรออกกำลังกายอย่างน้อยสัปดาห์ละ 3 ครั้งครับ เพื่อรักษาสุขภาพให้แข็งแรง,สุขภาพ
ผู้สูงอายุควรดูแลดวงตาอย่างไร?,ควรพักสายตาเป็นระยะๆ และตรวจสุขภาพตาอย่างน้อยปีละครั้งครับ,สุขภาพ
ผู้สูงอายุควรดื่มน้ำเมื่อไหร่?,ควรดื่มน้ำเป็นระยะๆ ตลอดวัน และหลีกเลี่ยงการดื่มน้ำเยอะๆ ในครั้งเดียวครับ,อาหาร น้ำ
ผู้สูงอายุควรปรึกษาแพทย์บ่อยแค่ไหน?,ควรปรึกษาแพทย์เป็นประจำตามนัดหมายและเมื่อมีอาการที่น่ากังวลครับ,สุขภาพ
การกินผลไม้สำคัญยังไง?,การกินผลไม้ช่วยให้ได้รับวิตามินและไฟเบอร์ที่จำเป็นต่อร่างกายครับ,อาหาร น้ำ
ควรทำอย่างไรเมื่อผู้สูงอายุมีปัญหาการเดิน?,ควรใช้ไม้เท้าหรือวอล์คเกอร์ช่วยเดิน และปรึกษาแพทย์เพื่อรับคำแนะนำเพิ่มเติมครับ,สุขภาพ
ควรเตรียมอาหารอะไรให้ผู้สูงอายุที่มีปัญหาการเคี้ยว?,ควรเตรียมอาหารที่นุ่มและย่อยง่าย เช่น ข้าวต้ม โจ๊ก หรือซุปครับ,อาหาร น้ำ
ผู้สูงอายุควรรับมือกับความเหงาอย่างไร?,การติดต่อกับครอบครัวหรือเพื่อนฝูงเป็นประจำ และการเข้าร่วมกิจกรรมสังคมจะช่วยลดความเหงาได้ครับ,สังคม
ควรทำอย่างไรเมื่อผู้สูงอายุมีอาการปวดข้อ?,ควรพักผ่อน หลีกเลี่ยงการใช้งานข้อที่ปวด และปรึกษาแพทย์เพื่อรับการรักษาครับ,สุขภาพ
ควรจัดสภาพแวดล้อมในบ้านอย่างไรเพื่อความปลอดภัยของผู้สูงอายุ?,ควรจัดบ้านให้มีแสงสว่างเพียงพอ ปรับพื้นที่ให้เรียบ และติดตั้งราวจับในห้องน้ำครับ,การหกล้ม อุบัติเหตุ
การจัดการกับความเศร้าในผู้สูงอายุทำอย่างไร?,การให้กำลังใจ การพูดคุยอย่างอ่อนโยน และการเข้าร่วมกิจกรรมที่ชอบจะช่วยได้ครับ,อารมณ์
ผู้สูงอายุควรใช้เวลาในการพักผ่อนยังไง?,ควรนอนหลับอย่างเพียงพอ และหากิจกรรมที่ผ่อนคลาย เช่น การอ่านหนังสือหรือฟังเพลงก่อนนอนครับ,สุขภาพ
วิธีดูแลผิวหนังของผู้สูงอายุคืออะไร?,ควรใช้โลชั่นที่ให้ความชุ่มชื้น หลีกเลี่ยงการตากแดด และดื่มน้ำให้เพียงพอครับ,สุขภาพ
ควรทำอย่างไรเมื่อผู้สูงอายุมีปัญหาการหายใจ?,ควรปรึกษาแพทย์ทันที และหากมีอาการหายใจติดขัด ควรหลีกเลี่ยงกิจกรรมที่ต้องใช้แรงมากครับ,สุขภาพ
ผู้สูงอายุควรทำอย่างไรหากรู้สึกเวียนศีรษะ?,ควรหยุดพักทันที นั่งหรือนอนในที่ที่ปลอดภัย และปรึกษาแพทย์หากอาการไม่ดีขึ้นครับ,สุขภาพ
การดูแลเส้นผมในผู้สูงอายุควรทำอย่างไร?,ควรใช้แชมพูที่อ่อนโยน หลีกเลี่ยงการใช้ความร้อนสูง และตัดแต่งเส้นผมเป็นประจำครับ,สุขภาพ
ควรทำอย่างไรเมื่อผู้สูงอายุมีปัญหาด้านความจำ?,การช่วยให้ทำกิจวัตรประจำวันให้เป็นระเบียบ การใช้โน้ตช่วยเตือน และการปรึกษาแพทย์เพื่อตรวจสอบสุขภาพสมองครับ,สุขภาพ
ควรทำอย่างไรเมื่อผู้สูงอายุมีอาการเหนื่อยล้า?,ควรพักผ่อนอย่างเพียงพอ ดื่มน้ำให้เพียงพอ และหากยังมีอาการควรปรึกษาแพทย์,สุขภาพ
ผู้สูงอายุควรทานอาหารเสริมอะไร?,ผู้สูงอายุควรได้รับวิตามินดี แคลเซียม และโอเมก้า-3 แต่ควรปรึกษาแพทย์ก่อนทานอาหารเสริมใดๆ,อาหาร น้ำ
จะทำอย่างไรให้ผู้สูงอายุมีความสุข?,การให้ความสนใจ สนับสนุนกิจกรรมที่ชอบ และการใช้เวลาอยู่ด้วยกันสามารถทำให้ผู้สูงอายุมีความสุขได้,อารมณ์
ผู้สูงอายุควรหลีกเลี่ยงอาหารประเภทใด?,ควรหลีกเลี่ยงอาหารที่มีไขมันสูง น้ำตาลสูง และอาหารที่มีโซเดียมมาก,อาหาร น้ำ
ควรออกกำลังกายเวลาไหนสำหรับผู้สูงอายุ?,ควรออกกำลังกายในช่วงเช้าหรือเย็น เมื่ออากาศไม่ร้อนเกินไป,สุขภาพ
วิธีการดูแลสายตาในผู้สูงอายุควรทำอย่างไร?,ควรตรวจสายตาเป็นประจำ หลีกเลี่ยงการใช้สายตานานๆ และทานอาหารที่มีประโยชน์ต่อสายตา,สุขภาพ
ผู้สูงอายุควรทำกิจกรรมอะไรเพื่อฝึกสมอง?,การเล่นเกมปริศนา การอ่านหนังสือ และการเรียนรู้สิ่งใหม่ๆ จะช่วยฝึกสมองในผู้สูงอายุได้,อารมณ์
การดูแลผิวพรรณของผู้สูงอายุควรทำอย่างไร?,ควรใช้ครีมบำรุงผิวที่เหมาะสม ดื่มน้ำให้เพียงพอ และหลีกเลี่ยงการโดนแดดจัด,สุขภาพ
ควรทำอย่างไรเมื่อผู้สูงอายุกังวลเกี่ยวกับการหลงลืม?,ควรพูดคุยเพื่อสร้างความมั่นใจ ใช้เทคนิคช่วยจำ และหากอาการหนักควรปรึกษาแพทย์,อารมณ์
จะช่วยผู้สูงอายุให้รู้สึกปลอดภัยในบ้านได้อย่างไร?,ควรปรับบ้านให้ปลอดภัย เช่น ติดราวจับในห้องน้ำ และทำทางเดินที่ปลอดภัย,การหกล้ม อุบัติเหตุ
ควรตรวจสุขภาพฟันของผู้สูงอายุบ่อยแค่ไหน?,ควรตรวจสุขภาพฟันทุก 6 เดือนเพื่อป้องกันปัญหาสุขภาพช่องปาก,สุขภาพ
ผู้สูงอายุควรทำอย่างไรหากรู้สึกเหงา?,ควรทำกิจกรรมที่ชอบ ติดต่อเพื่อนหรือครอบครัว และหากยังรู้สึกเหงา ควรพูดคุยกับผู้เชี่ยวชาญ,อารมณ์
การดูแลสุขภาพข้อเข่าของผู้สูงอายุควรทำอย่างไร?,ควรออกกำลังกายเบาๆ เพื่อลดการกดดันข้อเข่า และทานอาหารที่เสริมสร้างกระดูก,สุขภาพ
วิธีการลดความเสี่ยงต่อการหกล้มในบ้านควรทำอย่างไร?,ควรปรับพื้นให้เรียบ ไม่มีสิ่งกีดขวาง และติดตั้งราวจับในที่จำเป็น,การหกล้ม อุบัติเหตุ
ผู้สูงอายุควรพักผ่อนกี่ชั่วโมงต่อวัน?,ผู้สูงอายุควรพักผ่อนประมาณ 7-8 ชั่วโมงต่อวัน,สุขภาพ
จะช่วยผู้สูงอายุที่มีปัญหาสายตาได้อย่างไร?,ควรพาผู้สูงอายุไปตรวจสายตาอย่างสม่ำเสมอ และใช้แว่นตาที่เหมาะสม,สุขภาพ
ควรทำอย่างไรเมื่อผู้สูงอายุมีอาการไอเรื้อรัง?,ควรพาผู้สูงอายุไปพบแพทย์เพื่อตรวจเช็คอาการและรับการรักษาที่เหมาะสม,สุขภาพ
การดูแลสุขภาพเท้าของผู้สูงอายุควรทำอย่างไร?,ควรตรวจสอบเท้าเป็นประจำ สวมรองเท้าที่สบาย และรักษาความสะอาดเท้าอย่างสม่ำเสมอ,สุขภาพ
จะช่วยผู้สูงอายุในการใช้เทคโนโลยีได้อย่างไร?,ควรอธิบายอย่างชัดเจน ฝึกใช้ซ้ำๆ และให้กำลังใจเมื่อใช้เทคโนโลยี,ทั่วไป
ผู้สูงอายุควรทำอย่างไรเมื่อมีอาการปวดข้อ?,ควรพักผ่อน ทำกายบริหารเบาๆ และหากอาการไม่ดีขึ้นควรปรึกษาแพทย์,สุขภาพ
ผู้สูงอายุควรทานอาหารประเภทใดเพื่อเสริมสร้างความจำ?,ควรทานอาหารที่มีโอเมก้า-3 วิตามินบี และสารต้านอนุมูลอิสระ เช่น ปลา แป้งข้าวไม่ขัดสี ผักใบเขียว,อาหาร น้ำ
การดูแลสุขภาพหัวใจของผู้สูงอายุควรทำอย่างไร?,ควรทานอาหารที่มีไขมันต่ำ ออกกำลังกายเบาๆ และตรวจสุขภาพหัวใจเป็นประจำ,สุขภาพ
ผู้สูงอายุควรหลีกเลี่ยงการทานอาหารที่มีเกลือสูงหรือไม่?,ควรหลีกเลี่ยง เพราะอาหารที่มีเกลือสูงอาจทำให้เกิดความดันโลหิตสูง,อาหาร น้ำ
ควรช่วยผู้สูงอายุในการทำกิจกรรมทางสังคมอย่างไร?,ควรส่งเสริมให้เข้าร่วมกิจกรรมที่ชอบ และพาไปพบปะกับเพื่อนหรือครอบครัว,อารมณ์
การดูแลสุขภาพช่องปากในผู้สูงอายุควรทำอย่างไร?,ควรแปรงฟันอย่างถูกวิธี ใช้ไหมขัดฟัน และตรวจสุขภาพช่องปากเป็นประจำ,สุขภาพ
จะช่วยผู้สูงอายุในการทำกิจกรรมออกกำลังกายได้อย่างไร?,ควรเลือกกิจกรรมที่ปลอดภัยและเหมาะสม เช่น เดินเล่น โยคะเบาๆ และให้กำลังใจ,สุขภาพ
วิธีการจัดการกับอารมณ์ซึมเศร้าในผู้สูงอายุควรทำอย่างไร?,ควรพูดคุยให้กำลังใจ สนับสนุนกิจกรรมที่ชอบ และหากจำเป็นควรปรึกษาแพทย์,อารมณ์
การดูแลสุขภาพผิวหนังในผู้สูงอายุควรทำอย่างไร?,ควรใช้ครีมบำรุงผิวที่ให้ความชุ่มชื่น ดื่มน้ำเพียงพอ และหลีกเลี่ยงการตากแดดจัด,สุขภาพ
ผู้สูงอายุควรใช้เวลาพักผ่อนอย่างไรให้มีคุณภาพ?,ควรทำกิจกรรมที่ผ่อนคลาย เช่น ฟังเพลง อ่านหนังสือ และพักผ่อนในสภาพแวดล้อมที่สงบ,อารมณ์
จะช่วยผู้สูงอายุในการปรับตัวเมื่อย้ายบ้านได้อย่างไร?,ควรให้ผู้สูงอายุมีส่วนร่วมในการตัดสินใจ และทำให้สิ่งแวดล้อมใหม่เหมือนบ้านเดิม,อารมณ์
การดูแลสุขภาพจิตของผู้สูงอายุควรทำอย่างไร?,ควรสร้างความรู้สึกปลอดภัยและมั่นคง สนับสนุนกิจกรรมที่ชอบ และสร้างความสัมพันธ์ที่ดี,อารมณ์
ควรทำอย่างไรเมื่อผู้สูงอายุมีปัญหาการนอนหลับ?,ควรสร้างสภาพแวดล้อมที่เหมาะสม เช่น ทำห้องนอนเงียบๆ และอาจปรึกษาแพทย์หากมีปัญหาเรื้อรัง,สุขภาพ
วิธีการจัดการกับอาการเครียดในผู้สูงอายุควรทำอย่างไร?,ควรพูดคุยเพื่อสร้างความเข้าใจ สนับสนุนการผ่อนคลาย เช่น ทำสมาธิ และหากอาการหนักควรปรึกษาแพทย์,อารมณ์
ผู้สูงอายุควรออกกำลังกายหนักแค่ไหน?,ควรออกกำลังกายเบาๆ เช่น เดิน ว่ายน้ำ หรือโยคะ และควรปรึกษาแพทย์ก่อนเริ่มโปรแกรม,สุขภาพ
การดูแลสุขภาพกระดูกในผู้สูงอายุควรทำอย่างไร?,ควรทานอาหารที่มีแคลเซียม ออกกำลังกายเพื่อเสริมความแข็งแรง และรับแสงแดดในช่วงเช้า,สุขภาพ
ควรให้ผู้สูงอายุเข้ารับการตรวจสุขภาพอย่างไรบ่อยแค่ไหน?,ควรเข้ารับการตรวจสุขภาพทุกปี และตรวจเฉพาะทางตามความจำเป็น เช่น สายตา ฟัน หัวใจ,สุขภาพ
จะช่วยผู้สูงอายุในการจัดการกับการสูญเสียได้อย่างไร?,ควรให้เวลาและพื้นที่ในการทำใจ สนับสนุนด้วยความเข้าใจ และแนะนำการปรึกษาจิตแพทย์หากจำเป็น,อารมณ์
ควรทำอย่างไรเมื่อผู้สูงอายุมีปัญหาด้านการมองเห็น?,ควรพาไปพบแพทย์เพื่อตรวจสายตาและใช้แว่นตาที่เหมาะสม หลีกเลี่ยงกิจกรรมที่อาจเกิดอันตราย,สุขภาพ
การดูแลผู้สูงอายุที่มีปัญหาด้านการได้ยินควรทำอย่างไร?,ควรพาไปพบแพทย์เพื่อตรวจการได้ยิน และใช้เครื่องช่วยฟังหากจำเป็น,สุขภาพ
ควรจัดการอย่างไรเมื่อผู้สูงอายุมีปัญหาด้านการทรงตัว?,ควรให้ผู้สูงอายุใช้เครื่องช่วยเดิน เช่น ไม้เท้า และปรับบ้านให้ปลอดภัย ไม่มีสิ่งกีดขวาง,สุขภาพ
ผู้สูงอายุควรทำกิจกรรมอะไรเพื่อป้องกันโรคสมองเสื่อม?,ควรทำกิจกรรมที่กระตุ้นสมอง เช่น การอ่านหนังสือ เล่นเกมฝึกสมอง และออกกำลังกายเบาๆ,สุขภาพ
ควรทำอย่างไรเมื่อผู้สูงอายุมีปัญหาการเดิน?,ควรพาผู้สูงอายุไปพบแพทย์เพื่อตรวจเช็คอาการ และใช้อุปกรณ์ช่วยเดินเช่น ไม้เท้า หากจำเป็น,สุขภาพ
ผู้สูงอายุควรหลีกเลี่ยงเครื่องดื่มประเภทใด?,ควรหลีกเลี่ยงเครื่องดื่มที่มีคาเฟอีนสูง เช่น กาแฟ และเครื่องดื่มแอลกอฮอล์ เนื่องจากอาจทำให้เกิดอาการกระตุ้นหัวใจและความดันโลหิตสูง,อาหาร น้ำ
การดูแลสุขภาพทางสายตาของผู้สูงอายุควรทำอย่างไร?,ควรตรวจสายตาเป็นประจำ หลีกเลี่ยงการใช้สายตานานๆ และสวมแว่นกันแดดเมื่อออกแดด,สุขภาพ
ควรเตรียมตัวอย่างไรเมื่อผู้สูงอายุมีการผ่าตัด?,ควรพาไปปรึกษาแพทย์เพื่อรับข้อมูลเกี่ยวกับการผ่าตัด และดูแลสุขภาพผู้สูงอายุให้แข็งแรงก่อนเข้ารับการผ่าตัด,สุขภาพ
การจัดการกับความรู้สึกเหงาของผู้สูงอายุควรทำอย่างไร?,ควรให้ความสนใจในการพูดคุย สนับสนุนให้เข้าร่วมกิจกรรมทางสังคม และพาผู้สูงอายุไปเยี่ยมครอบครัวหรือเพื่อนฝูง,อารมณ์
ผู้สูงอายุควรทำอย่างไรเมื่อมีปัญหาการนอน?,ควรสร้างสภาพแวดล้อมที่เงียบสงบในห้องนอน หลีกเลี่ยงการดื่มเครื่องดื่มที่มีคาเฟอีนก่อนนอน และอาจปรึกษาแพทย์หากมีปัญหาการนอนเรื้อรัง,สุขภาพ
ผู้สูงอายุควรป้องกันการลื่นล้มอย่างไร?,ควรทำบ้านให้ปลอดภัย เช่น ใช้พรมกันลื่นในห้องน้ำ ติดตั้งราวจับ และสวมรองเท้าที่เหมาะสม,สุขภาพ
ควรช่วยผู้สูงอายุปรับตัวกับการเปลี่ยนแปลงอย่างไร?,ควรให้การสนับสนุนทางอารมณ์ ช่วยผู้สูงอายุปรับตัวทีละน้อย และส่งเสริมให้มีความคิดเชิงบวก,อารมณ์
ควรทำอย่างไรเมื่อผู้สูงอายุรู้สึกวิตกกังวล?,ควรพูดคุยเพื่อสร้างความสบายใจ สนับสนุนกิจกรรมที่ช่วยผ่อนคลาย เช่น การทำสมาธิ และหากอาการยังคงอยู่ควรปรึกษาแพทย์,อารมณ์
ผู้สูงอายุควรออกกำลังกายประเภทไหน?,ควรเลือกการออกกำลังกายที่ไม่รุนแรง เช่น การเดิน ว่ายน้ำ หรือโยคะ ซึ่งเหมาะสำหรับสภาพร่างกายของผู้สูงอายุ,สุขภาพ
การดูแลสุขภาพช่องปากในผู้สูงอายุควรทำอย่างไร?,ควรแปรงฟันอย่างถูกต้อง ใช้ไหมขัดฟัน และตรวจสุขภาพช่องปากกับทันตแพทย์เป็นประจำ,สุขภาพ
ควรช่วยผู้สูงอายุในการปรับตัวเมื่อมีการเปลี่ยนแปลงในชีวิตอย่างไร?,ควรให้การสนับสนุนทางอารมณ์ สนับสนุนให้มีการพูดคุย และสร้างความรู้สึกปลอดภัยในการเปลี่ยนแปลง,อารมณ์
ควรทำอย่างไรเมื่อผู้สูงอายุมีปัญหาด้านการสื่อสาร?,ควรพูดอย่างชัดเจนและช้าๆ ใช้ภาษากายประกอบการพูด และหากจำเป็นควรใช้เครื่องช่วยฟังหรือปรึกษาแพทย์,สุขภาพ
การดูแลผู้สูงอายุที่มีภาวะสมองเสื่อมควรทำอย่างไร?,ควรดูแลให้ผู้สูงอายุมีความรู้สึกปลอดภัย สนับสนุนการทำกิจกรรมที่กระตุ้นสมอง และปรึกษาแพทย์หากมีอาการรุนแรง,สุขภาพ
ผู้สูงอายุควรรับมือกับความเศร้าโศกหลังการสูญเสียได้อย่างไร?,ควรให้เวลาในการทำใจ สนับสนุนการพูดคุยและการแสดงความรู้สึก และหากจำเป็นควรแนะนำให้ปรึกษาจิตแพทย์,อารมณ์
ควรช่วยผู้สูงอายุปรับตัวเมื่อย้ายไปอยู่สถานที่ใหม่อย่างไร?,ควรให้ผู้สูงอายุมีส่วนร่วมในการตัดสินใจ เลือกสิ่งแวดล้อมที่คล้ายคลึงกับที่อยู่เดิม และช่วยให้รู้สึกปลอดภัย,อารมณ์
ควรทำอย่างไรเมื่อผู้สูงอายุมีปัญหาด้านการจำ?,ควรสนับสนุนการทำกิจกรรมที่ฝึกสมอง เช่น การเล่นเกมฝึกสมอง และสร้างสภาพแวดล้อมที่มีการเตือนความจำ เช่น ปฏิทินหรือโน้ต,สุขภาพ
การจัดการกับอารมณ์โกรธของผู้สูงอายุควรทำอย่างไร?,ควรให้เวลาในการสงบสติอารมณ์ พูดคุยเพื่อทำความเข้าใจ และหากอารมณ์โกรธยังคงอยู่ควรปรึกษาแพทย์,อารมณ์
ผู้สูงอายุควรทำกิจกรรมใดเพื่อเสริมสร้างสุขภาพจิต?,ควรทำกิจกรรมที่ช่วยผ่อนคลายและสร้างความสุข เช่น การทำสมาธิ การวาดภาพ หรือการฟังเพลง,อารมณ์
การดูแลผู้สูงอายุที่มีโรคเรื้อรังควรทำอย่างไร?,ควรให้ผู้สูงอายุรับการรักษาอย่างสม่ำเสมอ ปฏิบัติตามคำแนะนำของแพทย์อย่างเคร่งครัด และควรสนับสนุนด้านอารมณ์,สุขภาพ
ผู้สูงอายุควรได้รับสารอาหารประเภทใด?,ควรได้รับอาหารที่มีโปรตีนสูง ไขมันต่ำ และมีผักผลไม้เป็นส่วนประกอบหลัก เพื่อเสริมสร้างภูมิคุ้มกันและรักษาสุขภาพ,อาหาร น้ำ
การดูแลผู้สูงอายุที่มีปัญหาการมองเห็นควรทำอย่างไร?,ควรตรวจสุขภาพสายตาเป็นประจำ ใช้แว่นตาที่เหมาะสม และจัดแสงสว่างให้เพียงพอในบ้าน,สุขภาพ
ควรทำอย่างไรเมื่อผู้สูงอายุมีปัญหาด้านการได้ยิน?,ควรพาไปพบแพทย์เพื่อตรวจสอบการได้ยิน และใช้เครื่องช่วยฟังหากจำเป็น พูดอย่างชัดเจนและช้าๆ เมื่อสนทนา,สุขภาพ
ผู้สูงอายุควรทำอย่างไรเมื่อรู้สึกเบื่อ?,ควรส่งเสริมให้เข้าร่วมกิจกรรมที่สนใจ เช่น การเข้าร่วมชุมชนผู้สูงอายุ หรือการเรียนรู้ทักษะใหม่ๆ,อารมณ์
การเตรียมตัวเพื่อเข้าสู่วัยสูงอายุควรทำอย่างไร?,ควรวางแผนทางการเงิน ดูแลสุขภาพร่างกายและจิตใจ และสร้างเครือข่ายทางสังคมที่มั่นคง,อารมณ์
ควรทำอย่างไรเมื่อผู้สูงอายุมีปัญหาด้านการเคลื่อนไหว?,ควรจัดบ้านให้ปลอดภัยจากการลื่นล้ม ใช้เครื่องช่วยเดินหากจำเป็น และสนับสนุนการออกกำลังกายเบาๆ เช่น การเดิน,สุขภาพ
การดูแลผู้สูงอายุที่มีปัญหาการเคี้ยวอาหารควรทำอย่างไร?,ควรเลือกอาหารที่นิ่ม เคี้ยวง่าย และมีคุณค่าทางโภชนาการสูง เช่น ซุปหรืออาหารบดละเอียด และควรพาผู้สูงอายุไปพบแพทย์เพื่อปรึกษาเกี่ยวกับปัญหานี้,สุขภาพ
ควรทำอย่างไรเมื่อผู้สูงอายุมีปัญหาด้านความจำ?,ควรสนับสนุนการทำกิจกรรมที่ช่วยฝึกสมอง เช่น การเล่นเกม การอ่านหนังสือ และการเขียนบันทึกประจำวัน และควรพาผู้สูงอายุไปพบแพทย์เพื่อรับการตรวจสอบความจำ,สุขภาพ
ผู้สูงอายุควรหลีกเลี่ยงอาหารประเภทใด?,ควรหลีกเลี่ยงอาหารที่มีไขมันสูง น้ำตาลสูง และอาหารแปรรูป เนื่องจากอาจเพิ่มความเสี่ยงต่อโรคเรื้อรัง,อาหาร น้ำ
ควรช่วยผู้สูงอายุจัดการกับความเครียดอย่างไร?,ควรสนับสนุนการทำกิจกรรมที่ผ่อนคลาย เช่น การทำสมาธิ การออกกำลังกายเบาๆ หรือการพูดคุยเพื่อระบายความรู้สึก,อารมณ์
การดูแลสุขภาพฟันของผู้สูงอายุควรทำอย่างไร?,ควรแปรงฟันวันละ 2 ครั้ง ใช้ไหมขัดฟัน และควรพาไปตรวจสุขภาพฟันกับทันตแพทย์เป็นประจำ,สุขภาพ
ควรทำอย่างไรเมื่อผู้สูงอายุมีปัญหาการนอนหลับ?,ควรปรับสภาพแวดล้อมในการนอนให้เหมาะสม หลีกเลี่ยงการดื่มกาแฟหรือชาในช่วงเย็น และอาจพิจารณาใช้สมุนไพรหรือยานอนหลับตามคำแนะนำของแพทย์,สุขภาพ
ควรให้น้ำผู้สูงอายุวันละเท่าไหร่?,ควรให้ผู้สูงอายุดื่มน้ำอย่างน้อย 8 แก้วต่อวัน หรือประมาณ 2 ลิตร เพื่อป้องกันการขาดน้ำและรักษาสมดุลของร่างกาย,อาหาร น้ำ
ผู้สูงอายุควรเลี่ยงอาหารที่มีเกลือสูงเพราะอะไร?,การบริโภคเกลือสูงอาจเพิ่มความเสี่ยงต่อการเกิดโรคความดันโลหิตสูง ซึ่งเป็นปัจจัยเสี่ยงต่อโรคหัวใจและโรคหลอดเลือดสมอง,อาหาร น้ำ
อาหารเสริมที่เหมาะสมสำหรับผู้สูงอายุคืออะไร?,อาหารเสริมที่เหมาะสมสำหรับผู้สูงอายุอาจประกอบด้วยแคลเซียม วิตามินดี โอเมก้า-3 และโปรตีน เพื่อเสริมสร้างกระดูกและกล้ามเนื้อ,อาหาร น้ำ
ควรจัดมื้ออาหารสำหรับผู้สูงอายุอย่างไร?,ควรจัดมื้ออาหารที่มีความหลากหลายและสมดุล เช่น มีโปรตีน คาร์โบไฮเดรต ไขมันที่ดีต่อสุขภาพ และผักผลไม้ เพื่อให้ร่างกายได้รับสารอาหารครบถ้วน,อาหาร น้ำ
การดื่มน้ำผลไม้แทนน้ำเปล่าในผู้สูงอายุมีผลเสียอย่างไร?,การดื่มน้ำผลไม้แทนน้ำเปล่าอาจทำให้ผู้สูงอายุได้รับน้ำตาลมากเกินไป ซึ่งอาจเพิ่มความเสี่ยงต่อโรคเบาหวานและโรคอ้วน,อาหาร น้ำ
อาหารที่มีไฟเบอร์สูงดีต่อผู้สูงอายุอย่างไร?,อาหารที่มีไฟเบอร์สูงช่วยในเรื่องของการขับถ่าย ลดความเสี่ยงต่อโรคหัวใจ และควบคุมน้ำตาลในเลือด,อาหาร น้ำ
ผู้สูงอายุควรรับประทานปลากี่ครั้งต่อสัปดาห์?,ควรรับประทานปลาอย่างน้อย 2-3 ครั้งต่อสัปดาห์ เพื่อรับโปรตีนและโอเมก้า-3 ซึ่งดีต่อหัวใจและสมอง,อาหาร น้ำ
การบริโภคแคลเซียมมีความสำคัญอย่างไรในผู้สูงอายุ?,แคลเซียมช่วยเสริมสร้างกระดูกและฟันที่แข็งแรง ลดความเสี่ยงต่อการเกิดโรคกระดูกพรุน,อาหาร น้ำ
ควรลดการบริโภคคาเฟอีนในผู้สูงอายุหรือไม่?,ควรลดการบริโภคคาเฟอีน เพราะอาจทำให้เกิดอาการกระสับกระส่าย นอนไม่หลับ และเพิ่มความเสี่ยงต่อโรคกระดูกพรุน,อาหาร น้ำ
ผลไม้ที่ควรแนะนำให้ผู้สูงอายุรับประทานคืออะไร?,ควรแนะนำให้ผู้สูงอายุรับประทานผลไม้ที่มีน้ำตาลต่ำ เช่น แอปเปิ้ล แก้วมังกร หรือเบอร์รี่ เพื่อควบคุมน้ำตาลในเลือด,อาหาร น้ำ
ควรให้ผู้สูงอายุรับประทานอาหารกี่มื้อต่อวัน?,ควรจัดมื้ออาหารให้ผู้สูงอายุรับประทาน 3 มื้อหลัก และอาจมีของว่างที่มีประโยชน์ระหว่างมื้อ เพื่อให้ร่างกายได้รับพลังงานตลอดวัน,อาหาร น้ำ
การบริโภคอาหารที่มีไขมันดีมีผลอย่างไรต่อสุขภาพของผู้สูงอายุ?,ไขมันดีช่วยลดระดับคอเลสเตอรอลในเลือด ป้องกันโรคหัวใจ และช่วยในเรื่องของการดูแลสุขภาพสมอง,อาหาร น้ำ
ผู้สูงอายุควรเลี่ยงการดื่มแอลกอฮอล์หรือไม่?,ควรเลี่ยงการดื่มแอลกอฮอล์ เพราะอาจมีผลกระทบต่อการทำงานของตับ ไต และทำให้ความดันโลหิตสูงขึ้น,อาหาร น้ำ
อาหารที่มีน้ำตาลสูงควรถูกจำกัดอย่างไรในผู้สูงอายุ?,ควรจำกัดการบริโภคอาหารที่มีน้ำตาลสูง เพราะอาจทำให้น้ำตาลในเลือดสูงขึ้น เพิ่มความเสี่ยงต่อการเกิดโรคเบาหวาน,อาหาร น้ำ
ผู้สูงอายุควรรับประทานอาหารชนิดใดเพื่อเสริมสร้างกล้ามเนื้อ?,ควรรับประทานอาหารที่มีโปรตีนสูง เช่น เนื้อสัตว์ไม่ติดมัน ถั่ว และผลิตภัณฑ์จากนม เพื่อเสริมสร้างและรักษากล้ามเนื้อ,อาหาร น้ำ

